pdb_fn	total_score	dslf_fa13	fa_atr	fa_dun	fa_elec	fa_intra_rep	fa_intra_sol_xover4	fa_rep	fa_sol	hbond_bb_sc	hbond_lr_bb	hbond_sc	hbond_sr_bb	lk_ball_wtd	omega	p_aa_pp	pro_close	rama_prepro	ref	yhh_planarity	filter_total_score	buried_all	buried_np	contact_all	contact_buried_core	contact_buried_core_boundary	degree	degree_core	degree_core_boundary	exposed_hydrophobics	exposed_np_AFIMLWVY	exposed_polars	exposed_total	one_core_each	pack	res_count_all	res_count_buried_core	res_count_buried_core_boundary	res_count_buried_np_core	res_count_buried_np_core_boundary	ss_contributes_core	ss_mis	total_hydrophobic	total_hydrophobic_AFILMVWY	total_sasa	two_core_each	unsat_hbond	centroid_total_score	cbeta	cenpack	env	hs_pair	linear_chainbreak	overlap_chainbreak	pair	rg	rsigma	sheet	ss_pair	vdw
1gfl_cm.pdb	-836.2082776	0.0000000	-1376.1400412	304.6177329	-489.2096463	2.4459438	49.7938787	151.9159542	804.0822195	-45.4380749	-130.6564675	-38.9537716	-49.7688088	-22.8908100	8.3098079	-58.5399831	0.9467659	11.8375858	41.3029663	0.1364753	0.0000000	37518.3326474	15966.0770236	962.5185874	142.4888476	557.4231280	11.3582361	14.3866774	13.5535666	6160.9542978	1376.3885409	4854.9234833	11015.8777816	0.7118058	0.6897387	237.0000000	54.9297663	117.1858736	24.9520712	54.0067711	0.8892577	0.5128938	33788.9002921	38220.4863250	11015.8777816	0.2865749	32.8021774	-397.9170955	82.8972712	-53.4962472	-62.5286140	-1.8593208	0.0000000	0.0000000	-1.9855773	53.5462622	-178.9392481	0.3555332	-237.5428739	1.6354834
